{
    "images": [
        {
            "id": "{c600d082-8a0d-47b6-89da-a4bc7bbf5ba8}",
            "name": "mchpLogo_small",
            "type": "RGB"
        },
        {
            "id": "{282f864b-ac3c-4900-91fe-c7b8e3f71f08}",
            "name": "MHGS_logo_smaller",
            "type": "RGB"
        },
        {
            "id": "{83fa7ecb-42d2-4782-ab6a-40b243126a17}",
            "name": "QuickstartDown_WQVGA",
            "type": "RGB"
        },
        {
            "id": "{52e7197d-ef5c-41db-9435-06044947379e}",
            "name": "QuickstartUp_WQVGA",
            "type": "RGB"
        }
    ],
    "paths": [
    ]
}
