{
    "bindings": [
        {
            "font": "{34f224f7-9193-4c52-824b-ad0551326a5e}",
            "language": "{d2ed271f-902e-42ac-8868-d9ead7544e5b}",
            "string": "{1946e082-0f78-4fb8-a209-d36858d54349}"
        },
        {
            "font": "{34f224f7-9193-4c52-824b-ad0551326a5e}",
            "language": "{d2ed271f-902e-42ac-8868-d9ead7544e5b}",
            "string": "{9fad9db9-63af-40f8-b5ed-f0f57d70def0}"
        },
        {
            "font": "{34f224f7-9193-4c52-824b-ad0551326a5e}",
            "language": "{d2ed271f-902e-42ac-8868-d9ead7544e5b}",
            "string": "{e9b6f88a-37a8-455f-804c-7148635a80d8}"
        }
    ],
    "defaultLanguage": "{d2ed271f-902e-42ac-8868-d9ead7544e5b}",
    "encoding": "ASCII",
    "languages": [
        {
            "properties": {
                "__categories": [
                ],
                "__groups": [
                ],
                "enabled": {
                    "enabled": true,
                    "type": "boolean",
                    "value": true,
                    "visible": true
                },
                "id": {
                    "enabled": true,
                    "type": "uuid",
                    "value": "{d2ed271f-902e-42ac-8868-d9ead7544e5b}",
                    "visible": true
                },
                "name": {
                    "enabled": true,
                    "type": "text",
                    "value": "Default",
                    "visible": true
                }
            }
        }
    ],
    "paths": [
    ],
    "strings": [
        {
            "properties": {
                "__categories": [
                ],
                "__groups": [
                ],
                "description": {
                    "enabled": true,
                    "type": "text",
                    "value": "",
                    "visible": true
                },
                "id": {
                    "enabled": true,
                    "type": "uuid",
                    "value": "{1946e082-0f78-4fb8-a209-d36858d54349}",
                    "visible": true
                },
                "name": {
                    "enabled": true,
                    "type": "text",
                    "value": "JPG",
                    "visible": true
                },
                "path": {
                    "enabled": true,
                    "type": "text",
                    "value": "/",
                    "visible": true
                }
            },
            "values": [
                {
                    "language": "{d2ed271f-902e-42ac-8868-d9ead7544e5b}",
                    "value": "H3 JPG sequence playback demo        600x270@20fps"
                }
            ]
        },
        {
            "properties": {
                "__categories": [
                ],
                "__groups": [
                ],
                "description": {
                    "enabled": true,
                    "type": "text",
                    "value": "",
                    "visible": true
                },
                "id": {
                    "enabled": true,
                    "type": "uuid",
                    "value": "{9fad9db9-63af-40f8-b5ed-f0f57d70def0}",
                    "visible": true
                },
                "name": {
                    "enabled": true,
                    "type": "text",
                    "value": "Playing",
                    "visible": true
                },
                "path": {
                    "enabled": true,
                    "type": "text",
                    "value": "/",
                    "visible": true
                }
            },
            "values": [
                {
                    "language": "{d2ed271f-902e-42ac-8868-d9ead7544e5b}",
                    "value": "Playing"
                }
            ]
        },
        {
            "properties": {
                "__categories": [
                ],
                "__groups": [
                ],
                "description": {
                    "enabled": true,
                    "type": "text",
                    "value": "",
                    "visible": true
                },
                "id": {
                    "enabled": true,
                    "type": "uuid",
                    "value": "{e9b6f88a-37a8-455f-804c-7148635a80d8}",
                    "visible": true
                },
                "name": {
                    "enabled": true,
                    "type": "text",
                    "value": "Reading",
                    "visible": true
                },
                "path": {
                    "enabled": true,
                    "type": "text",
                    "value": "/",
                    "visible": true
                }
            },
            "values": [
                {
                    "language": "{d2ed271f-902e-42ac-8868-d9ead7544e5b}",
                    "value": "Reading JPEG files from SD file system..."
                }
            ]
        }
    ]
}
